{
    "lstm_thresholds": {
        "p50": 0.04727843403816223,
        "p90": 0.13512201607227325,
        "p95": 0.28580158948898315,
        "p99": 0.3456655740737915,
        "p99_5": 0.36562442779541016,
        "max": 56.50535583496094
    },
    "gmm_thresholds": {
        "p05": 12.24053171525485,
        "min": -396.255923527047
    },
    "feature_means": {
        "ac_compressor_load_pct": 56.69609107204629,
        "ambient_air_temperature_body": 32.99943079971068,
        "cabin_humidity_pct": 64.48533287210289,
        "cabin_temperature": 22.556030063838485,
        "distance_since_codes_cleared": 5942.935689801566,
        "distance_with_mil_lit": 0.0,
        "fuel_level_pct": 36.97662536557753,
        "hvac_blower_speed": 26.153967105883833,
        "odometer_reading": 42260.2512311708,
        "sunroof_position_pct": 3.8480140884933487,
        "window_open_pct": 10.26016541400673
    },
    "sequence_length": 30
}