{
    "lstm_thresholds": {
        "p50": 0.08688001334667206,
        "p90": 0.3724590539932251,
        "p95": 0.6418367624282837,
        "p99": 1.0622793436050415,
        "p99_5": 1.2261244058609009,
        "max": 2.285613775253296
    },
    "gmm_thresholds": {
        "p05": 112.54415937121956,
        "min": -1245.110222422389
    },
    "feature_means": {
        "accel_x_g_tyre": -0.12643793829994654,
        "accel_y_g_tyre": 0.26713858926381334,
        "accel_z_g_tyre": 0.3821422057297399,
        "bearing_vehicle_heading": 182.84043586276297,
        "lateral_acceleration": 0.2671385893087833,
        "longitudinal_acceleration": -0.1264379382892544,
        "slip_ratio_fl": -0.04199490550017295,
        "slip_ratio_fr": -0.04101799427654958,
        "slip_ratio_rl": -0.03653205132236863,
        "slip_ratio_rr": -0.03653298845875657,
        "steering_angle_sensor": 21.392739079845278,
        "steering_torque_applied": 49.559979244630334,
        "stopping_distance": 48.60000000000001,
        "suspension_damper_force": -0.41512940658511266,
        "suspension_height_per_deflection": 101.91295952702916,
        "tyre_load_fl_n": 4109.573275889179,
        "tyre_load_fr_n": 3697.344790716689,
        "tyre_load_rl_n": 3788.2626937954024,
        "tyre_load_rr_n": 3906.1909839932073,
        "tyre_pressure_fl_psi": 35.935919683008905,
        "tyre_pressure_fr_psi": 36.33162866756816,
        "tyre_pressure_rl_psi": 36.373538790528,
        "tyre_pressure_rr_psi": 37.00246454291016,
        "tyre_temp_fl_c": 46.051294065851124,
        "tyre_temp_fr_c": 45.52980911349413,
        "tyre_temp_rl_c": 43.239526400201264,
        "tyre_temp_rr_c": 43.883839114437556,
        "tyre_wear_fl_pct": 98.27898204346047,
        "tyre_wear_fr_pct": 98.44796534482218,
        "tyre_wear_rl_pct": 98.76861536526306,
        "tyre_wear_rr_pct": 98.47882354791031,
        "vertical_acceleration": 0.3821422009141797,
        "vibration_f1_hz": 0.5,
        "vibration_f2_hz": 1.0,
        "vibration_f3_hz": 1.5,
        "wheel_speed_fl_kmh": 1500.73480738388,
        "wheel_speed_fr_kmh": 1491.7662558571028,
        "wheel_speed_rl_kmh": 1497.7452904179377,
        "wheel_speed_rr_kmh": 1488.7767467530425,
        "yaw_rate": 2.6746599264127804
    },
    "sequence_length": 30
}